id;username;password;email;creacion
1;connecting microchip;Handmade;Quinn_Willms88@gmail.com;2022-10-20
2;Fresh intangible;THX applications hacking;Tyrique_Mraz@gmail.com;2022-10-20
3;clicks-and-mortar morph bluetooth;Legacy invoice;Emiliano80@hotmail.com;2022-10-20
4;copy Dynamic;Keyboard;Candida_Mraz@yahoo.com;2022-10-20
5;deposit compressing Soft;Plastic Future-proofed;Kody53@hotmail.com;2022-10-19
6;back-end disintermediate;cross-platform generate;Evie.Treutel@yahoo.com;2022-10-19
7;South;invoice Open-architected Key;Kyra_DAmore@gmail.com;2022-10-19
8;Route Intelligent;Gorgeous;Timmy.Heller52@yahoo.com;2022-10-20
9;Account Sum driver;Toys;Kian47@hotmail.com;2022-10-19
10;granular;View Bike;Norma_Greenholt43@gmail.com;2022-10-20
